jw_llc@mailinator.com,"Not@allthepassword1",135453634,123456789,A12345678,llc
jw_corp@mailinator.com,"Not@allthepassword1",937861917,123456789,A12345678,corp
jw_part@mailinator.com,"Not@allthepassword1",794188439,123456789,A12345678,partnership
jw@mailinator.com,"Not@allthepassword1",911481635,123456789,A12345678,corp
zobayear_llc@mailinator.com,"Not@allthepassword1",153566257,123456789,A12345678,llc
zobayear_corp@mailinator.com ,"Not@allthepassword1",182431789,123456789,A12345678,corp
zobayear_scorp@mailinator.com ,"Not@allthepassword1",167853155,123456789,A12345678,s-corp
zobayear_partnership@mailinator.com,"Not@allthepassword1",172115728,123456789,A12345678,partnership
staging@mailinator.com,"Not@allthepassword1",112286644,123456789,A12345678,s-corp
staging2@mailinator.com,"Not@allthepassword1",137151292,123456789,A12345678,s-corp
staging3@mailinator.com,"Not@allthepassword1",129913885,123456789,A12345678,llc
akanamontana@gmail.com,"Not@allthepassword1",275276652,123456789,A12345678,s-corp
akanamontana@mailinator.com,"Not@allthepassword1",245652494,123456789,A12345678,llc
partnership1@mailinator.com,"Not@allthepassword1",245652495,123456789,A12345678,llc
deepa.llc@mailinator.com,"Not@allthepassword1",159165917,123456789,A12345678,llc
deepa.corporation@mailinator.com,"Not@allthepassword1",144754156,123456789,A12345678,corp
deepa.parternship@mailinator.com,"Not@allthepassword1",165324125,123456789,A12345678,partnership
deepa.scorp@mailinator.com,"Not@allthepassword1",148832876,123456789,A12345678,s-corp
deepa.solepropietor@mailinator.com,"Not@allthepassword1",146482889,123456789,A12345678,sole_prop
sole_proprietor@mailinator.com,"Not@allthepassword1",158899368,123456789,A12345678,sole_prop
deepa_llc_1@mailinator.com,"Not@allthepassword1",196374813,123456789,A12345678,llc
deepa_Scorp_1@mailinator.com,"Not@allthepassword1",7777511,123456789,A12345678,s-corp
deepa_corp_1@mailinator.com,"Not@allthepassword1",215435315,123456789,A12345678,corp
deepa_part-1@mailinator.com,"Not@allthepassword1",226887812,123456789,A12345678,partnership
deepa_solePro_1@mailinator.com,"Not@allthepassword1",229612915,123456789,A12345678,sole_prop
deepa_llc_2@mailinator.com,"Not@allthepassword1",223111594,123456789,A12345678,llc
deepa_soleProp2@mailinator.com,"Not@allthepassword1",256527193,123456789,A12345678,sole_prop
deepa_Scorp4@mailinator.com,"Not@allthepassword1",246235962,123456789,A12345678,s-corp
deepa_Llc3@mailinator.com,"Not@allthepassword1",263426685,123456789,A12345678,llc
deepa_corp3@mailinator.com,"Not@allthepassword1",264299741,123456789,A12345678,corp
deepa_Scorp_3@mailinator.com,"Not@allthepassword1",218547924,123456789,A12345678,s-corp
Qa_test1@mailinator.com,"Not@allthepassword1",999795221,123456789,A12345678,llc
Qa_test2@mailinator.com,"Not@allthepassword1",111435873,123456789,A12345678,corp
Qa_test3@mailinator.com,"Not@allthepassword1",118177954,123456789,A12345678,corp
Qa_test4@mailinator.com,"Not@allthepassword1",119698675,123456789,A12345678,partnership
Qa_test6@mailinator.com,"Not@allthepassword1",127615131,123456789,A12345678,sole_prop
Qa_test7@mailinator.com,"Not@allthepassword1",137871124,123456789,A12345678,s-corp
Qa_test8@mailinator.com,"Not@allthepassword1",142762936,123456789,A12345678,sole_prop
qapartnership1@mailinator.com,"Not@allthepassword1",581267521,123456789,A12345678,llc
qapartnership2@mailinator.com,"Not@allthepassword1",673844617,123456789,A12345678,llc